title,url,description
Google,www.google.com,Search site
Yahoo,www.yahoo.com,Shitty search sitedavid,www.isnot.com,korean sgunf oshtg;sohgf;'h'psidfg
safasdf,www.google.com,nsdf.gjanf/gk;ln aSdf asdf asdf asdf 
david,www.isnot.com,koreanasdfgasdf asdf asdf as
taco,www.google.com,"sa'gklj'afkgnjm'adfkgm
a'fdgadfgasdfgafg"
sdfgsdfgsdfg,www.goodle.com,arfgkja ';rjaswekrja'wpiejfasdf 
"",www.googlgage.com,fdasfa asd fasdf asdf asd fasd fasd asd fa sdf
dsfg,www.asdf.com,asdf asedf asdf asdf asd fasdf as df
f,www.goosdfsdfgle.com,asdf asdf asdf asd fasd fasd fasd f
